{
  "height": 407.2250061035156,
  "width": 814.4500732421875,
  "x": 24.20357894897461,
  "y": 18.70134735107422
}